Site ID,query_count,Country,Region,missing_page_count,sae_count,anomaly_score,is_anomaly
2,1.0,0,0,0.0,0,0.27214320758278965,1
CAN,0.0,0,0,18.0,0,-0.03593430694075972,-1
Site 502,2.0,CAN,AMERICA,0.0,0,0.08384671619510597,1
Site 503,1.0,CAN,AMERICA,0.0,0,0.27214320758278965,1
